thickness,time
15.0,0.0
13.235209739988049,0.5
12.40219180878822,1.0
10.670653479751016,1.5
12.862437723774438,2.0
12.145321146332009,2.5
11.947704321278767,3.0
11.976602284003409,3.5
10.467378807882975,4.0
8.713817267998103,4.5
11.208391493503868,5.0
8.833960620326726,5.5
9.137008284645237,6.0
8.73593339052045,6.5
7.971697999861326,7.0
7.87722293499707,7.5
6.6265787946045265,8.0
